bits,compute_interpretation,ip_bias,ip_relative_mse,ip_variance,k_bits,key_relative_mse,key_scale_granularity,kv_block_size,kv_quantizer,kv_rotation,layer,layer_index,method,method_key,output_cosine,output_relative_mse,rotation_backend,score_mse,score_relative_mse,softmax_kl,topk_overlap,v_bits,value_relative_mse,value_scale_granularity
K16V16,baseline,0.0,0.0,0.0,16,0.0,none,,none,none,model.layers.0.self_attn,0,fp16,fp16,1.0000487565994263,0.0,,0.0,0.0,0.0,1.0,16,0.0,none
K4V4,rotated non-uniform KV fake quant,-0.020861294120550156,0.005957655608654022,0.40584537386894226,4,0.008479686453938484,per_token_head_h64_rms,64,gaussian_lloyd_max,headwise_hadamard,model.layers.0.self_attn,0,hadamard_lm,hadamard_lm_k4v4,0.9939725995063782,0.012188602238893509,hadamard,0.00634813355281949,0.005957655608654022,0.0026450923178344965,0.939453125,4,0.008357872255146503,per_token_head_rms
K4V4,head-internal H32 non-uniform KV fake quant,0.004423090256750584,0.007409875281155109,0.5052946209907532,4,0.008623686619102955,per_token_head_h32_rms,32,gaussian_lloyd_max,headwise_hadamard_h32,model.layers.0.self_attn,0,hadamard_lm,hadamard_lm_k4v4_h32,0.9932196140289307,0.013631036505103111,hadamard,0.007895534858107567,0.007409875281155109,0.003149815835058689,0.9356933832168579,4,0.008756591938436031,per_token_head_rms
K3V4,rotated non-uniform key bit reduction,-0.03679591417312622,0.0238613560795784,1.6258642673492432,3,0.03072323091328144,per_token_head_h64_rms,64,gaussian_lloyd_max,headwise_hadamard,model.layers.0.self_attn,0,hadamard_lm,hadamard_lm_k3v4,0.9836889505386353,0.03256721422076225,hadamard,0.02542528323829174,0.0238613560795784,0.010145959444344044,0.887402355670929,4,0.008357872255146503,per_token_head_rms
K3V4,head-internal H32 key bit reduction,-0.07472370564937592,0.02687585912644863,1.8272074460983276,3,0.030734628438949585,per_token_head_h32_rms,32,gaussian_lloyd_max,headwise_hadamard_h32,model.layers.0.self_attn,0,hadamard_lm,hadamard_lm_k3v4_h32,0.9842213988304138,0.031513363122940063,hadamard,0.028637362644076347,0.02687585912644863,0.010365171357989311,0.8898681402206421,4,0.008756591938436031,per_token_head_rms
K16V16,baseline,0.0,0.0,0.0,16,0.0,none,,none,none,model.layers.1.self_attn,1,fp16,fp16,1.0000150203704834,0.0,,0.0,0.0,0.0,1.0,16,0.0,none
K4V4,rotated non-uniform KV fake quant,0.0901712030172348,0.0036921396385878325,2.3191847801208496,4,0.009811448864638805,per_token_head_h64_rms,64,gaussian_lloyd_max,headwise_hadamard,model.layers.1.self_attn,1,hadamard_lm,hadamard_lm_k4v4,0.986350417137146,0.027225123718380928,hadamard,0.03636430948972702,0.0036921396385878325,0.010662756860256195,0.9266601800918579,4,0.008697262965142727,per_token_head_rms
K4V4,head-internal H32 non-uniform KV fake quant,0.11810280382633209,0.0036104985047131777,2.2619056701660156,4,0.009057341143488884,per_token_head_h32_rms,32,gaussian_lloyd_max,headwise_hadamard_h32,model.layers.1.self_attn,1,hadamard_lm,hadamard_lm_k4v4_h32,0.9874293804168701,0.025049464777112007,hadamard,0.03556021675467491,0.0036104985047131777,0.011632498353719711,0.9239501953125,4,0.008979841135442257,per_token_head_rms
K3V4,rotated non-uniform key bit reduction,0.37658023834228516,0.013447185046970844,8.334531784057617,3,0.03558766096830368,per_token_head_h64_rms,64,gaussian_lloyd_max,headwise_hadamard,model.layers.1.self_attn,1,hadamard_lm,hadamard_lm_k3v4,0.9683436751365662,0.062375329434871674,hadamard,0.1324428766965866,0.013447185046970844,0.0353739969432354,0.8734130859375,4,0.008697262965142727,per_token_head_rms
K3V4,head-internal H32 key bit reduction,0.40780317783355713,0.014104302041232586,8.724249839782715,3,0.03276060149073601,per_token_head_h32_rms,32,gaussian_lloyd_max,headwise_hadamard_h32,model.layers.1.self_attn,1,hadamard_lm,hadamard_lm_k3v4_h32,0.9675037860870361,0.06466753035783768,hadamard,0.13891489803791046,0.014104302041232586,0.03813439607620239,0.8720703125,4,0.008979841135442257,per_token_head_rms
K16V16,baseline,0.0,0.0,0.0,16,0.0,none,,none,none,model.layers.2.self_attn,2,fp16,fp16,1.0000191926956177,0.0,,0.0,0.0,0.0,1.0,16,0.0,none
K4V4,rotated non-uniform KV fake quant,0.12768930196762085,0.0065598455257713795,1.758817195892334,4,0.0092901811003685,per_token_head_h64_rms,64,gaussian_lloyd_max,headwise_hadamard,model.layers.2.self_attn,2,hadamard_lm,hadamard_lm_k4v4,0.9878474473953247,0.024276738986372948,hadamard,0.027736276388168335,0.0065598455257713795,0.007865681312978268,0.93701171875,4,0.009321643970906734,per_token_head_rms
K4V4,head-internal H32 non-uniform KV fake quant,0.0657312422990799,0.005719352047890425,1.5433599948883057,4,0.009897464886307716,per_token_head_h32_rms,32,gaussian_lloyd_max,headwise_hadamard_h32,model.layers.2.self_attn,2,hadamard_lm,hadamard_lm_k4v4_h32,0.9892210960388184,0.021479155868291855,hadamard,0.024182509630918503,0.005719352047890425,0.0066520776599645615,0.9434570074081421,4,0.008965582586824894,per_token_head_rms
K3V4,rotated non-uniform key bit reduction,0.3113171458244324,0.024292102083563805,6.476625919342041,3,0.034195031970739365,per_token_head_h64_rms,64,gaussian_lloyd_max,headwise_hadamard,model.layers.2.self_attn,2,hadamard_lm,hadamard_lm_k3v4,0.9698967337608337,0.06012390926480293,hadamard,0.10271163284778595,0.024292102083563805,0.028968365862965584,0.889599621295929,4,0.009321643970906734,per_token_head_rms
K3V4,head-internal H32 key bit reduction,0.27867141366004944,0.022701062262058258,6.065344333648682,3,0.03590306267142296,per_token_head_h32_rms,32,gaussian_lloyd_max,headwise_hadamard_h32,model.layers.2.self_attn,2,hadamard_lm,hadamard_lm_k3v4_h32,0.9718372821807861,0.055823687463998795,hadamard,0.09598441421985626,0.022701062262058258,0.024865606799721718,0.9002441167831421,4,0.008965582586824894,per_token_head_rms
K16V16,baseline,0.0,0.0,0.0,16,0.0,none,,none,none,model.layers.3.self_attn,3,fp16,fp16,1.000016212463379,0.0,,0.0,0.0,0.0,1.0,16,0.0,none
K4V4,rotated non-uniform KV fake quant,0.28182485699653625,0.002036274876445532,3.4440648555755615,4,0.008826357312500477,per_token_head_h64_rms,64,gaussian_lloyd_max,headwise_hadamard,model.layers.3.self_attn,3,hadamard_lm,hadamard_lm_k4v4,0.9832004308700562,0.035418801009655,hadamard,0.05505453050136566,0.002036274876445532,0.004050524439662695,0.9117676019668579,4,0.008882631547749043,per_token_head_rms
K4V4,head-internal H32 non-uniform KV fake quant,0.3193816542625427,0.0019167565042153,3.214674949645996,4,0.009188754484057426,per_token_head_h32_rms,32,gaussian_lloyd_max,headwise_hadamard_h32,model.layers.3.self_attn,3,hadamard_lm,hadamard_lm_k4v4_h32,0.9835621118545532,0.03403295576572418,hadamard,0.051823124289512634,0.0019167565042153,0.0037275643553584814,0.9107666015625,4,0.00910326186567545,per_token_head_rms
K3V4,rotated non-uniform key bit reduction,1.093826174736023,0.00737726641818881,11.568876266479492,3,0.032267771661281586,per_token_head_h64_rms,64,gaussian_lloyd_max,headwise_hadamard,model.layers.3.self_attn,3,hadamard_lm,hadamard_lm_k3v4,0.9433658719062805,0.12592099606990814,hadamard,0.1994583010673523,0.00737726641818881,0.01608235202729702,0.837695300579071,4,0.008882631547749043,per_token_head_rms
K3V4,head-internal H32 key bit reduction,1.3753632307052612,0.008311125449836254,12.489619255065918,3,0.034392766654491425,per_token_head_h32_rms,32,gaussian_lloyd_max,headwise_hadamard_h32,model.layers.3.self_attn,3,hadamard_lm,hadamard_lm_k3v4_h32,0.9253190159797668,0.23249182105064392,hadamard,0.22470693290233612,0.008311125449836254,0.022681824862957,0.842211902141571,4,0.00910326186567545,per_token_head_rms
K16V16,baseline,0.0,0.0,0.0,16,0.0,none,,none,none,model.layers.4.self_attn,4,fp16,fp16,1.0000324249267578,0.0,,0.0,0.0,0.0,1.0,16,0.0,none
K4V4,rotated non-uniform KV fake quant,0.19771185517311096,0.002006750088185072,4.33336877822876,4,0.008769326843321323,per_token_head_h64_rms,64,gaussian_lloyd_max,headwise_hadamard,model.layers.4.self_attn,4,hadamard_lm,hadamard_lm_k4v4,0.9845169186592102,0.030983610078692436,hadamard,0.0683196634054184,0.002006750088185072,0.00365458894520998,0.913012683391571,4,0.009233917109668255,per_token_head_rms
K4V4,head-internal H32 non-uniform KV fake quant,0.29181891679763794,0.0019068014807999134,4.06952428817749,4,0.008837194181978703,per_token_head_h32_rms,32,gaussian_lloyd_max,headwise_hadamard_h32,model.layers.4.self_attn,4,hadamard_lm,hadamard_lm_k4v4_h32,0.9841466546058655,0.034604333341121674,hadamard,0.06491692364215851,0.0019068014807999134,0.0031888228841125965,0.919238269329071,4,0.009496723301708698,per_token_head_rms
K3V4,rotated non-uniform key bit reduction,0.7919647097587585,0.007632104679942131,16.002197265625,3,0.03126704320311546,per_token_head_h64_rms,64,gaussian_lloyd_max,headwise_hadamard,model.layers.4.self_attn,4,hadamard_lm,hadamard_lm_k3v4,0.9524675607681274,0.10897412151098251,hadamard,0.2598344683647156,0.007632104679942131,0.012665677815675735,0.846606433391571,4,0.009233917109668255,per_token_head_rms
K3V4,head-internal H32 key bit reduction,1.134851098060608,0.007463577203452587,14.97431755065918,3,0.03229232877492905,per_token_head_h32_rms,32,gaussian_lloyd_max,headwise_hadamard_h32,model.layers.4.self_attn,4,hadamard_lm,hadamard_lm_k3v4_h32,0.955767035484314,0.10090027749538422,hadamard,0.25409695506095886,0.007463577203452587,0.012464816682040691,0.84716796875,4,0.009496723301708698,per_token_head_rms
K16V16,baseline,0.0,0.0,0.0,16,0.0,none,,none,none,model.layers.5.self_attn,5,fp16,fp16,1.0000399351119995,0.0,,0.0,0.0,0.0,1.0,16,0.0,none
K4V4,rotated non-uniform KV fake quant,0.11683065444231033,0.002284761518239975,4.378475189208984,4,0.008556400425732136,per_token_head_h64_rms,64,gaussian_lloyd_max,headwise_hadamard,model.layers.5.self_attn,5,hadamard_lm,hadamard_lm_k4v4,0.9793687462806702,0.04676983878016472,hadamard,0.06862695515155792,0.002284761518239975,0.005123017355799675,0.9071289300918579,4,0.009401187300682068,per_token_head_rms
K4V4,head-internal H32 non-uniform KV fake quant,0.25070396065711975,0.0023949570022523403,4.541107654571533,4,0.00878468994051218,per_token_head_h32_rms,32,gaussian_lloyd_max,headwise_hadamard_h32,model.layers.5.self_attn,5,hadamard_lm,hadamard_lm_k4v4_h32,0.9826211333274841,0.036790184676647186,hadamard,0.07193687558174133,0.0023949570022523403,0.004364680498838425,0.9101806879043579,4,0.009513918310403824,per_token_head_rms
K3V4,rotated non-uniform key bit reduction,0.8016536235809326,0.008897621184587479,16.461748123168945,3,0.031104257330298424,per_token_head_h64_rms,64,gaussian_lloyd_max,headwise_hadamard,model.layers.5.self_attn,5,hadamard_lm,hadamard_lm_k3v4,0.9356927275657654,0.1388513296842575,hadamard,0.2672562003135681,0.008897621184587479,0.01763674058020115,0.8395019769668579,4,0.009401187300682068,per_token_head_rms
K3V4,head-internal H32 key bit reduction,0.9863039255142212,0.007718401029706001,13.864720344543457,3,0.03193032741546631,per_token_head_h32_rms,32,gaussian_lloyd_max,headwise_hadamard_h32,model.layers.5.self_attn,5,hadamard_lm,hadamard_lm_k3v4_h32,0.9411794543266296,0.14854389429092407,hadamard,0.23183616995811462,0.007718401029706001,0.014576073735952377,0.851147472858429,4,0.009513918310403824,per_token_head_rms
K16V16,baseline,0.0,0.0,0.0,16,0.0,none,,none,none,model.layers.6.self_attn,6,fp16,fp16,1.0000263452529907,0.0,,0.0,0.0,0.0,1.0,16,0.0,none
K4V4,rotated non-uniform KV fake quant,0.29694879055023193,0.002649512607604265,5.795735836029053,4,0.008816699497401714,per_token_head_h64_rms,64,gaussian_lloyd_max,headwise_hadamard,model.layers.6.self_attn,6,hadamard_lm,hadamard_lm_k4v4,0.979478657245636,0.04226871207356453,hadamard,0.0919361561536789,0.002649512607604265,0.008321691304445267,0.9048095941543579,4,0.009110275655984879,per_token_head_rms
K4V4,head-internal H32 non-uniform KV fake quant,0.3108632564544678,0.0027254789602011442,5.955981254577637,4,0.008916889317333698,per_token_head_h32_rms,32,gaussian_lloyd_max,headwise_hadamard_h32,model.layers.6.self_attn,6,hadamard_lm,hadamard_lm_k4v4_h32,0.9776269793510437,0.04701348394155502,hadamard,0.09457213431596756,0.0027254789602011442,0.008328471332788467,0.9062744379043579,4,0.009224948473274708,per_token_head_rms
K3V4,rotated non-uniform key bit reduction,0.7294667363166809,0.009402087889611721,20.347597122192383,3,0.031270261853933334,per_token_head_h64_rms,64,gaussian_lloyd_max,headwise_hadamard,model.layers.6.self_attn,6,hadamard_lm,hadamard_lm_k3v4,0.9338535070419312,0.14756830036640167,hadamard,0.32624560594558716,0.009402087889611721,0.028908349573612213,0.8356689214706421,4,0.009110275655984879,per_token_head_rms
K3V4,head-internal H32 key bit reduction,1.132791519165039,0.010278983041644096,21.543869018554688,3,0.032574232667684555,per_token_head_h32_rms,32,gaussian_lloyd_max,headwise_hadamard_h32,model.layers.6.self_attn,6,hadamard_lm,hadamard_lm_k3v4_h32,0.9211729764938354,0.18429423868656158,hadamard,0.3566732406616211,0.010278983041644096,0.03204368054866791,0.8348144292831421,4,0.009224948473274708,per_token_head_rms
K16V16,baseline,0.0,0.0,0.0,16,0.0,none,,none,none,model.layers.7.self_attn,7,fp16,fp16,1.0000208616256714,0.0,,0.0,0.0,0.0,1.0,16,0.0,none
K4V4,rotated non-uniform KV fake quant,0.12229515612125397,0.004069030284881592,3.457397937774658,4,0.008659649640321732,per_token_head_h64_rms,64,gaussian_lloyd_max,headwise_hadamard,model.layers.7.self_attn,7,hadamard_lm,hadamard_lm_k4v4,0.9884511232376099,0.023729858919978142,hadamard,0.05425553023815155,0.004069030284881592,0.008680257014930248,0.894604504108429,4,0.009318101219832897,per_token_head_rms
K4V4,head-internal H32 non-uniform KV fake quant,0.03289782255887985,0.0038075903430581093,3.248169422149658,4,0.008614874444901943,per_token_head_h32_rms,32,gaussian_lloyd_max,headwise_hadamard_h32,model.layers.7.self_attn,7,hadamard_lm,hadamard_lm_k4v4_h32,0.9878624081611633,0.024191856384277344,hadamard,0.05076955258846283,0.0038075903430581093,0.008154202252626419,0.895092785358429,4,0.009276418946683407,per_token_head_rms
K3V4,rotated non-uniform key bit reduction,0.4552764296531677,0.01575903221964836,13.240876197814941,3,0.03070179559290409,per_token_head_h64_rms,64,gaussian_lloyd_max,headwise_hadamard,model.layers.7.self_attn,7,hadamard_lm,hadamard_lm_k3v4,0.9624006152153015,0.10811647772789001,hadamard,0.21012738347053528,0.01575903221964836,0.034895364195108414,0.817675769329071,4,0.009318101219832897,per_token_head_rms
K3V4,head-internal H32 key bit reduction,0.5148030519485474,0.014381368644535542,12.007486343383789,3,0.030811790376901627,per_token_head_h32_rms,32,gaussian_lloyd_max,headwise_hadamard_h32,model.layers.7.self_attn,7,hadamard_lm,hadamard_lm_k3v4_h32,0.9666063785552979,0.06821180880069733,hadamard,0.191757932305336,0.014381368644535542,0.027452167123556137,0.8144286870956421,4,0.009276418946683407,per_token_head_rms
K16V16,baseline,0.0,0.0,0.0,16,0.0,none,,none,none,model.layers.8.self_attn,8,fp16,fp16,1.0000585317611694,0.0,,0.0,0.0,0.0,1.0,16,0.0,none
K4V4,rotated non-uniform KV fake quant,0.37396499514579773,0.0017766760429367423,7.003496170043945,4,0.008826689794659615,per_token_head_h64_rms,64,gaussian_lloyd_max,headwise_hadamard,model.layers.8.self_attn,8,hadamard_lm,hadamard_lm_k4v4,0.9804859161376953,0.04360395669937134,hadamard,0.11161477863788605,0.0017766760429367423,0.00815501343458891,0.918994128704071,4,0.009002347476780415,per_token_head_rms
K4V4,head-internal H32 non-uniform KV fake quant,0.25410252809524536,0.001608212129212916,6.401447296142578,4,0.008784432895481586,per_token_head_h32_rms,32,gaussian_lloyd_max,headwise_hadamard_h32,model.layers.8.self_attn,8,hadamard_lm,hadamard_lm_k4v4_h32,0.9786970019340515,0.043467551469802856,hadamard,0.10103149712085724,0.001608212129212916,0.007294156588613987,0.924487292766571,4,0.009000362828373909,per_token_head_rms
K3V4,rotated non-uniform key bit reduction,1.3937958478927612,0.0070069883950054646,26.22979736328125,3,0.03156781569123268,per_token_head_h64_rms,64,gaussian_lloyd_max,headwise_hadamard,model.layers.8.self_attn,8,hadamard_lm,hadamard_lm_k3v4,0.9481475353240967,0.13415662944316864,hadamard,0.4401947557926178,0.0070069883950054646,0.028708551079034805,0.860791027545929,4,0.009002347476780415,per_token_head_rms
K3V4,head-internal H32 key bit reduction,1.3724603652954102,0.0065749287605285645,24.551668167114258,3,0.032102469354867935,per_token_head_h32_rms,32,gaussian_lloyd_max,headwise_hadamard_h32,model.layers.8.self_attn,8,hadamard_lm,hadamard_lm_k3v4_h32,0.9424626231193542,0.14259682595729828,hadamard,0.4130517840385437,0.0065749287605285645,0.02792009525001049,0.8672119379043579,4,0.009000362828373909,per_token_head_rms
K16V16,baseline,0.0,0.0,0.0,16,0.0,none,,none,none,model.layers.9.self_attn,9,fp16,fp16,1.0000461339950562,0.0,,0.0,0.0,0.0,1.0,16,0.0,none
K4V4,rotated non-uniform KV fake quant,0.15053310990333557,0.002929733134806156,5.130081653594971,4,0.00858524814248085,per_token_head_h64_rms,64,gaussian_lloyd_max,headwise_hadamard,model.layers.9.self_attn,9,hadamard_lm,hadamard_lm_k4v4,0.9861762523651123,0.029307013377547264,hadamard,0.08051159232854843,0.002929733134806156,0.010230757296085358,0.9246826171875,4,0.009116767905652523,per_token_head_rms
K4V4,head-internal H32 non-uniform KV fake quant,0.21227622032165527,0.002568247728049755,4.471909046173096,4,0.00869718287140131,per_token_head_h32_rms,32,gaussian_lloyd_max,headwise_hadamard_h32,model.layers.9.self_attn,9,hadamard_lm,hadamard_lm_k4v4_h32,0.9876890182495117,0.02508782409131527,hadamard,0.07057765871286392,0.002568247728049755,0.008485483005642891,0.9293212890625,4,0.009156408719718456,per_token_head_rms
K3V4,rotated non-uniform key bit reduction,0.48614248633384705,0.010507592000067234,18.244155883789062,3,0.030568702146410942,per_token_head_h64_rms,64,gaussian_lloyd_max,headwise_hadamard,model.layers.9.self_attn,9,hadamard_lm,hadamard_lm_k3v4,0.9610202312469482,0.08819272369146347,hadamard,0.28875768184661865,0.010507592000067234,0.0327930822968483,0.868090808391571,4,0.009116767905652523,per_token_head_rms
K3V4,head-internal H32 key bit reduction,0.19832149147987366,0.009350040927529335,16.405290603637695,3,0.0312635600566864,per_token_head_h32_rms,32,gaussian_lloyd_max,headwise_hadamard_h32,model.layers.9.self_attn,9,hadamard_lm,hadamard_lm_k3v4_h32,0.9553192853927612,0.09235679358243942,hadamard,0.25694718956947327,0.009350040927529335,0.0328560397028923,0.873217761516571,4,0.009156408719718456,per_token_head_rms
K16V16,baseline,0.0,0.0,0.0,16,0.0,none,,none,none,model.layers.10.self_attn,10,fp16,fp16,1.0000215768814087,0.0,,0.0,0.0,0.0,1.0,16,0.0,none
K4V4,rotated non-uniform KV fake quant,0.1996103823184967,0.0038727535866200924,5.956256866455078,4,0.00862184725701809,per_token_head_h64_rms,64,gaussian_lloyd_max,headwise_hadamard,model.layers.10.self_attn,10,hadamard_lm,hadamard_lm_k4v4,0.9860746264457703,0.028245504945516586,hadamard,0.09368908405303955,0.0038727535866200924,0.010647564195096493,0.922290027141571,4,0.009138676337897778,per_token_head_rms
K4V4,head-internal H32 non-uniform KV fake quant,0.2492169588804245,0.0031554410234093666,4.823392391204834,4,0.008920217864215374,per_token_head_h32_rms,32,gaussian_lloyd_max,headwise_hadamard_h32,model.layers.10.self_attn,10,hadamard_lm,hadamard_lm_k4v4_h32,0.9849666953086853,0.03072589449584484,hadamard,0.07633596658706665,0.0031554410234093666,0.009383711032569408,0.928881824016571,4,0.00900641642510891,per_token_head_rms
K3V4,rotated non-uniform key bit reduction,0.6650634407997131,0.01344887726008892,20.380298614501953,3,0.03098181076347828,per_token_head_h64_rms,64,gaussian_lloyd_max,headwise_hadamard,model.layers.10.self_attn,10,hadamard_lm,hadamard_lm_k3v4,0.949884295463562,0.11641283333301544,hadamard,0.3253532648086548,0.01344887726008892,0.041133612394332886,0.865039050579071,4,0.009138676337897778,per_token_head_rms
K3V4,head-internal H32 key bit reduction,1.0397717952728271,0.012502900324761868,18.2768497467041,3,0.032970674335956573,per_token_head_h32_rms,32,gaussian_lloyd_max,headwise_hadamard_h32,model.layers.10.self_attn,10,hadamard_lm,hadamard_lm_k3v4_h32,0.9525133967399597,0.12478562444448471,hadamard,0.30246832966804504,0.012502900324761868,0.04010073095560074,0.873706042766571,4,0.00900641642510891,per_token_head_rms
K16V16,baseline,0.0,0.0,0.0,16,0.0,none,,none,none,model.layers.11.self_attn,11,fp16,fp16,1.0000296831130981,0.0,,0.0,0.0,0.0,1.0,16,0.0,none
K4V4,rotated non-uniform KV fake quant,0.14538908004760742,0.002833923790603876,4.665687561035156,4,0.008795862086117268,per_token_head_h64_rms,64,gaussian_lloyd_max,headwise_hadamard,model.layers.11.self_attn,11,hadamard_lm,hadamard_lm_k4v4,0.9875122308731079,0.02585574984550476,hadamard,0.07323165237903595,0.002833923790603876,0.009306993335485458,0.9237060546875,4,0.009119578637182713,per_token_head_rms
K4V4,head-internal H32 non-uniform KV fake quant,0.2033473253250122,0.0026232916861772537,4.297126293182373,4,0.008622420020401478,per_token_head_h32_rms,32,gaussian_lloyd_max,headwise_hadamard_h32,model.layers.11.self_attn,11,hadamard_lm,hadamard_lm_k4v4_h32,0.9898002743721008,0.02041723020374775,hadamard,0.06778869032859802,0.0026232916861772537,0.007853898219764233,0.927563488483429,4,0.0090690478682518,per_token_head_rms
K3V4,rotated non-uniform key bit reduction,0.584944486618042,0.011074758134782314,17.97359848022461,3,0.0315520241856575,per_token_head_h64_rms,64,gaussian_lloyd_max,headwise_hadamard,model.layers.11.self_attn,11,hadamard_lm,hadamard_lm_k3v4,0.9618398547172546,0.08422239869832993,hadamard,0.2861837148666382,0.011074758134782314,0.0376124233007431,0.8595215082168579,4,0.009119578637182713,per_token_head_rms
K3V4,head-internal H32 key bit reduction,0.6036440134048462,0.010420393198728561,16.869163513183594,3,0.030851474031805992,per_token_head_h32_rms,32,gaussian_lloyd_max,headwise_hadamard_h32,model.layers.11.self_attn,11,hadamard_lm,hadamard_lm_k3v4_h32,0.9601290225982666,0.08292441070079803,hadamard,0.26927420496940613,0.010420393198728561,0.03639834374189377,0.8626708984375,4,0.0090690478682518,per_token_head_rms
K16V16,baseline,0.0,0.0,0.0,16,0.0,none,,none,none,model.layers.12.self_attn,12,fp16,fp16,1.0000232458114624,0.0,,0.0,0.0,0.0,1.0,16,0.0,none
K4V4,rotated non-uniform KV fake quant,0.12848983705043793,0.0038615125231444836,4.06593656539917,4,0.00859830155968666,per_token_head_h64_rms,64,gaussian_lloyd_max,headwise_hadamard,model.layers.12.self_attn,12,hadamard_lm,hadamard_lm_k4v4,0.9898895621299744,0.020547471940517426,hadamard,0.06378822028636932,0.0038615125231444836,0.011061588302254677,0.921215832233429,4,0.009299787692725658,per_token_head_rms
K4V4,head-internal H32 non-uniform KV fake quant,0.2035088837146759,0.0038037304766476154,3.9799420833587646,4,0.00873946025967598,per_token_head_h32_rms,32,gaussian_lloyd_max,headwise_hadamard_h32,model.layers.12.self_attn,12,hadamard_lm,hadamard_lm_k4v4_h32,0.9904211163520813,0.01957837864756584,hadamard,0.06283371895551682,0.0038037304766476154,0.01109034288674593,0.9168945550918579,4,0.00941445678472519,per_token_head_rms
K3V4,rotated non-uniform key bit reduction,0.42344534397125244,0.014370670542120934,15.013572692871094,3,0.030546531081199646,per_token_head_h64_rms,64,gaussian_lloyd_max,headwise_hadamard,model.layers.12.self_attn,12,hadamard_lm,hadamard_lm_k3v4,0.9695812463760376,0.0659279152750969,hadamard,0.2373887151479721,0.014370670542120934,0.041380368173122406,0.860522449016571,4,0.009299787692725658,per_token_head_rms
K3V4,head-internal H32 key bit reduction,0.6102501749992371,0.014492419548332691,14.949187278747559,3,0.0315980538725853,per_token_head_h32_rms,32,gaussian_lloyd_max,headwise_hadamard_h32,model.layers.12.self_attn,12,hadamard_lm,hadamard_lm_k3v4_h32,0.9678266644477844,0.06994759291410446,hadamard,0.23939988017082214,0.014492419548332691,0.04506208747625351,0.851757824420929,4,0.00941445678472519,per_token_head_rms
K16V16,baseline,0.0,0.0,0.0,16,0.0,none,,none,none,model.layers.13.self_attn,13,fp16,fp16,1.0000190734863281,0.0,,0.0,0.0,0.0,1.0,16,0.0,none
K4V4,rotated non-uniform KV fake quant,0.21016579866409302,0.004328914452344179,5.087456703186035,4,0.008685086853802204,per_token_head_h64_rms,64,gaussian_lloyd_max,headwise_hadamard,model.layers.13.self_attn,13,hadamard_lm,hadamard_lm_k4v4,0.9877066612243652,0.025191444903612137,hadamard,0.08018166571855545,0.004328914452344179,0.015749070793390274,0.918212890625,4,0.009436738677322865,per_token_head_rms
K4V4,head-internal H32 non-uniform KV fake quant,0.12251928448677063,0.004013844300061464,4.743122100830078,4,0.008876519277691841,per_token_head_h32_rms,32,gaussian_lloyd_max,headwise_hadamard_h32,model.layers.13.self_attn,13,hadamard_lm,hadamard_lm_k4v4_h32,0.9878702163696289,0.02494170516729355,hadamard,0.07434582710266113,0.004013844300061464,0.01533862017095089,0.9223388433456421,4,0.009081513620913029,per_token_head_rms
K3V4,rotated non-uniform key bit reduction,0.6660556197166443,0.016303297132253647,18.882793426513672,3,0.03134928643703461,per_token_head_h64_rms,64,gaussian_lloyd_max,headwise_hadamard,model.layers.13.self_attn,13,hadamard_lm,hadamard_lm_k3v4,0.9607541561126709,0.08265317231416702,hadamard,0.3019753694534302,0.016303297132253647,0.055628325790166855,0.8541504144668579,4,0.009436738677322865,per_token_head_rms
K3V4,head-internal H32 key bit reduction,0.7700262069702148,0.01660226285457611,19.087888717651367,3,0.03187871351838112,per_token_head_h32_rms,32,gaussian_lloyd_max,headwise_hadamard_h32,model.layers.13.self_attn,13,hadamard_lm,hadamard_lm_k3v4_h32,0.9632814526557922,0.07952030003070831,hadamard,0.30751293897628784,0.01660226285457611,0.056860730051994324,0.852368175983429,4,0.009081513620913029,per_token_head_rms
K16V16,baseline,0.0,0.0,0.0,16,0.0,none,,none,none,model.layers.14.self_attn,14,fp16,fp16,1.0000107288360596,0.0,,0.0,0.0,0.0,1.0,16,0.0,none
K4V4,rotated non-uniform KV fake quant,0.15886440873146057,0.004100494086742401,5.88220739364624,4,0.008722728118300438,per_token_head_h64_rms,64,gaussian_lloyd_max,headwise_hadamard,model.layers.14.self_attn,14,hadamard_lm,hadamard_lm_k4v4,0.9877882599830627,0.024905351921916008,hadamard,0.09230384230613708,0.004100494086742401,0.01601836085319519,0.9168701171875,4,0.00935897883027792,per_token_head_rms
K4V4,head-internal H32 non-uniform KV fake quant,0.12326269596815109,0.003876772942021489,5.569944381713867,4,0.008950327523052692,per_token_head_h32_rms,32,gaussian_lloyd_max,headwise_hadamard_h32,model.layers.14.self_attn,14,hadamard_lm,hadamard_lm_k4v4_h32,0.9882119297981262,0.023674199357628822,hadamard,0.08726778626441956,0.003876772942021489,0.013937091454863548,0.9238525629043579,4,0.009350876323878765,per_token_head_rms
K3V4,rotated non-uniform key bit reduction,0.5697309970855713,0.013546375557780266,19.191221237182617,3,0.03130299225449562,per_token_head_h64_rms,64,gaussian_lloyd_max,headwise_hadamard,model.layers.14.self_attn,14,hadamard_lm,hadamard_lm_k3v4,0.9583770036697388,0.08569318056106567,hadamard,0.3049345910549164,0.013546375557780266,0.055731840431690216,0.858325183391571,4,0.00935897883027792,per_token_head_rms
K3V4,head-internal H32 key bit reduction,0.7583659887313843,0.014221379533410072,19.913150787353516,3,0.032106462866067886,per_token_head_h32_rms,32,gaussian_lloyd_max,headwise_hadamard_h32,model.layers.14.self_attn,14,hadamard_lm,hadamard_lm_k3v4_h32,0.9616528749465942,0.08012374490499496,hadamard,0.3201292157173157,0.014221379533410072,0.053849734365940094,0.8622802495956421,4,0.009350876323878765,per_token_head_rms
K16V16,baseline,0.0,0.0,0.0,16,0.0,none,,none,none,model.layers.15.self_attn,15,fp16,fp16,1.0000535249710083,0.0,,0.0,0.0,0.0,1.0,16,0.0,none
K4V4,rotated non-uniform KV fake quant,0.17013776302337646,0.0025680058170109987,5.684548377990723,4,0.00865709874778986,per_token_head_h64_rms,64,gaussian_lloyd_max,headwise_hadamard,model.layers.15.self_attn,15,hadamard_lm,hadamard_lm_k4v4,0.9890381693840027,0.022379567846655846,hadamard,0.0892733633518219,0.0025680058170109987,0.011318383738398552,0.9167236089706421,4,0.00908949039876461,per_token_head_rms
K4V4,head-internal H32 non-uniform KV fake quant,0.2246427983045578,0.002605021931231022,5.745386600494385,4,0.008943167515099049,per_token_head_h32_rms,32,gaussian_lloyd_max,headwise_hadamard_h32,model.layers.15.self_attn,15,hadamard_lm,hadamard_lm_k4v4_h32,0.9890218377113342,0.02196514420211315,hadamard,0.0905601754784584,0.002605021931231022,0.011210523545742035,0.917407214641571,4,0.008987012319266796,per_token_head_rms
K3V4,rotated non-uniform key bit reduction,0.7828900814056396,0.008580821566283703,18.478349685668945,3,0.03093668818473816,per_token_head_h64_rms,64,gaussian_lloyd_max,headwise_hadamard,model.layers.15.self_attn,15,hadamard_lm,hadamard_lm_k3v4,0.9687045812606812,0.06632199138402939,hadamard,0.2983010411262512,0.008580821566283703,0.0367414765059948,0.858593761920929,4,0.00908949039876461,per_token_head_rms
K3V4,head-internal H32 key bit reduction,1.2231078147888184,0.009621216915547848,19.910024642944336,3,0.03249666467308998,per_token_head_h32_rms,32,gaussian_lloyd_max,headwise_hadamard_h32,model.layers.15.self_attn,15,hadamard_lm,hadamard_lm_k3v4_h32,0.9683263301849365,0.06603999435901642,hadamard,0.3344690203666687,0.009621216915547848,0.03893355280160904,0.8608154058456421,4,0.008987012319266796,per_token_head_rms
K16V16,baseline,0.0,0.0,0.0,16,0.0,none,,none,none,model.layers.16.self_attn,16,fp16,fp16,1.0000373125076294,0.0,,0.0,0.0,0.0,1.0,16,0.0,none
K4V4,rotated non-uniform KV fake quant,0.07534932345151901,0.004080140497535467,5.872174263000488,4,0.008693650364875793,per_token_head_h64_rms,64,gaussian_lloyd_max,headwise_hadamard,model.layers.16.self_attn,16,hadamard_lm,hadamard_lm_k4v4,0.9909664392471313,0.018364887684583664,hadamard,0.0918414369225502,0.004080140497535467,0.012944595888257027,0.9147704839706421,4,0.009206283837556839,per_token_head_rms
K4V4,head-internal H32 non-uniform KV fake quant,0.17666076123714447,0.0038177070673555136,5.468580722808838,4,0.009010959416627884,per_token_head_h32_rms,32,gaussian_lloyd_max,headwise_hadamard_h32,model.layers.16.self_attn,16,hadamard_lm,hadamard_lm_k4v4_h32,0.9900773167610168,0.02047666534781456,hadamard,0.08593422174453735,0.0038177070673555136,0.013333210721611977,0.919482409954071,4,0.009152107872068882,per_token_head_rms
K3V4,rotated non-uniform key bit reduction,0.6374643445014954,0.01561402902007103,22.087215423583984,3,0.03150201588869095,per_token_head_h64_rms,64,gaussian_lloyd_max,headwise_hadamard,model.layers.16.self_attn,16,hadamard_lm,hadamard_lm_k3v4,0.9692450165748596,0.07065191119909286,hadamard,0.35146212577819824,0.01561402902007103,0.05387871712446213,0.8475586175918579,4,0.009206283837556839,per_token_head_rms
K3V4,head-internal H32 key bit reduction,0.7462683320045471,0.014585713855922222,20.45526885986328,3,0.03346109762787819,per_token_head_h32_rms,32,gaussian_lloyd_max,headwise_hadamard_h32,model.layers.16.self_attn,16,hadamard_lm,hadamard_lm_k3v4_h32,0.9716930985450745,0.060183119028806686,hadamard,0.3283153772354126,0.014585713855922222,0.04677911847829819,0.857373058795929,4,0.009152107872068882,per_token_head_rms
K16V16,baseline,0.0,0.0,0.0,16,0.0,none,,none,none,model.layers.17.self_attn,17,fp16,fp16,1.0000247955322266,0.0,,0.0,0.0,0.0,1.0,16,0.0,none
K4V4,rotated non-uniform KV fake quant,0.1585041880607605,0.0033015210647135973,5.667211055755615,4,0.00875397864729166,per_token_head_h64_rms,64,gaussian_lloyd_max,headwise_hadamard,model.layers.17.self_attn,17,hadamard_lm,hadamard_lm_k4v4,0.982424795627594,0.03545470908284187,hadamard,0.08894272893667221,0.0033015210647135973,0.009346498176455498,0.919189453125,4,0.009001046419143677,per_token_head_rms
K4V4,head-internal H32 non-uniform KV fake quant,0.3914262056350708,0.003264035563915968,5.474489212036133,4,0.009090487845242023,per_token_head_h32_rms,32,gaussian_lloyd_max,headwise_hadamard_h32,model.layers.17.self_attn,17,hadamard_lm,hadamard_lm_k4v4_h32,0.9807870388031006,0.03963521122932434,hadamard,0.08793286979198456,0.003264035563915968,0.009835542179644108,0.92138671875,4,0.009292293339967728,per_token_head_rms
K3V4,rotated non-uniform key bit reduction,0.7308690547943115,0.01131720282137394,18.978443145751953,3,0.03151743486523628,per_token_head_h64_rms,64,gaussian_lloyd_max,headwise_hadamard,model.layers.17.self_attn,17,hadamard_lm,hadamard_lm_k3v4,0.9463686943054199,0.12297453731298447,hadamard,0.30488458275794983,0.01131720282137394,0.03666221722960472,0.860791027545929,4,0.009001046419143677,per_token_head_rms
K3V4,head-internal H32 key bit reduction,0.973127007484436,0.012382552027702332,20.4024658203125,3,0.03261379525065422,per_token_head_h32_rms,32,gaussian_lloyd_max,headwise_hadamard_h32,model.layers.17.self_attn,17,hadamard_lm,hadamard_lm_k3v4_h32,0.9471262097358704,0.11049400269985199,hadamard,0.3335850238800049,0.012382552027702332,0.034665994346141815,0.860034167766571,4,0.009292293339967728,per_token_head_rms
K16V16,baseline,0.0,0.0,0.0,16,0.0,none,,none,none,model.layers.18.self_attn,18,fp16,fp16,1.0000412464141846,0.0,,0.0,0.0,0.0,1.0,16,0.0,none
K4V4,rotated non-uniform KV fake quant,0.17936012148857117,0.0031205154955387115,4.76555061340332,4,0.00868724100291729,per_token_head_h64_rms,64,gaussian_lloyd_max,headwise_hadamard,model.layers.18.self_attn,18,hadamard_lm,hadamard_lm_k4v4,0.9907070398330688,0.0187428817152977,hadamard,0.07496438920497894,0.0031205154955387115,0.009266015142202377,0.9231201410293579,4,0.009095010347664356,per_token_head_rms
K4V4,head-internal H32 non-uniform KV fake quant,0.1792464256286621,0.0031645644921809435,4.833315849304199,4,0.009007962420582771,per_token_head_h32_rms,32,gaussian_lloyd_max,headwise_hadamard_h32,model.layers.18.self_attn,18,hadamard_lm,hadamard_lm_k4v4_h32,0.9888619780540466,0.022247226908802986,hadamard,0.07602258026599884,0.0031645644921809435,0.010112171992659569,0.921215832233429,4,0.009150042198598385,per_token_head_rms
K3V4,rotated non-uniform key bit reduction,0.569058358669281,0.012902033515274525,19.512752532958984,3,0.031254928559064865,per_token_head_h64_rms,64,gaussian_lloyd_max,headwise_hadamard,model.layers.18.self_attn,18,hadamard_lm,hadamard_lm_k3v4,0.9573807716369629,0.08352731913328171,hadamard,0.30994656682014465,0.012902033515274525,0.04302794113755226,0.856249988079071,4,0.009095010347664356,per_token_head_rms
K3V4,head-internal H32 key bit reduction,0.8469598889350891,0.011436650529503822,16.866247177124023,3,0.032621122896671295,per_token_head_h32_rms,32,gaussian_lloyd_max,headwise_hadamard_h32,model.layers.18.self_attn,18,hadamard_lm,hadamard_lm_k3v4_h32,0.9743902683258057,0.050676897168159485,hadamard,0.27474355697631836,0.011436650529503822,0.03126469999551773,0.866162121295929,4,0.009150042198598385,per_token_head_rms
K16V16,baseline,0.0,0.0,0.0,16,0.0,none,,none,none,model.layers.19.self_attn,19,fp16,fp16,1.0000237226486206,0.0,,0.0,0.0,0.0,1.0,16,0.0,none
K4V4,rotated non-uniform KV fake quant,0.18429557979106903,0.0029403106309473515,5.067114353179932,4,0.008709647692739964,per_token_head_h64_rms,64,gaussian_lloyd_max,headwise_hadamard,model.layers.19.self_attn,19,hadamard_lm,hadamard_lm_k4v4,0.9870771169662476,0.026117488741874695,hadamard,0.07970436662435532,0.0029403106309473515,0.008585899136960506,0.9236084222793579,4,0.0092077124863863,per_token_head_rms
K4V4,head-internal H32 non-uniform KV fake quant,0.14645014703273773,0.0030329336877912283,5.240321159362793,4,0.008665953762829304,per_token_head_h32_rms,32,gaussian_lloyd_max,headwise_hadamard_h32,model.layers.19.self_attn,19,hadamard_lm,hadamard_lm_k4v4_h32,0.9876488447189331,0.0254528671503067,hadamard,0.08221513777971268,0.0030329336877912283,0.008792715147137642,0.923632800579071,4,0.009064779616892338,per_token_head_rms
K3V4,rotated non-uniform key bit reduction,0.9077872037887573,0.011337650939822197,18.845359802246094,3,0.0309465192258358,per_token_head_h64_rms,64,gaussian_lloyd_max,headwise_hadamard,model.layers.19.self_attn,19,hadamard_lm,hadamard_lm_k3v4,0.960547685623169,0.0900646448135376,hadamard,0.3073349595069885,0.011337650939822197,0.03312791511416435,0.8614501953125,4,0.0092077124863863,per_token_head_rms
K3V4,head-internal H32 key bit reduction,0.6250770092010498,0.010647367686033249,18.081159591674805,3,0.03138012811541557,per_token_head_h32_rms,32,gaussian_lloyd_max,headwise_hadamard_h32,model.layers.19.self_attn,19,hadamard_lm,hadamard_lm_k3v4_h32,0.9633689522743225,0.07587714493274689,hadamard,0.2886231243610382,0.010647367686033249,0.03037397563457489,0.866943359375,4,0.009064779616892338,per_token_head_rms
K16V16,baseline,0.0,0.0,0.0,16,0.0,none,,none,none,model.layers.20.self_attn,20,fp16,fp16,1.000032663345337,0.0,,0.0,0.0,0.0,1.0,16,0.0,none
K4V4,rotated non-uniform KV fake quant,0.2968308925628662,0.0036689310800284147,5.951962471008301,4,0.00856988038867712,per_token_head_h64_rms,64,gaussian_lloyd_max,headwise_hadamard,model.layers.20.self_attn,20,hadamard_lm,hadamard_lm_k4v4,0.9896526336669922,0.02229827642440796,hadamard,0.0943761095404625,0.0036689310800284147,0.011285110376775265,0.9194580316543579,4,0.00883630383759737,per_token_head_rms
K4V4,head-internal H32 non-uniform KV fake quant,0.2742258906364441,0.0033723153173923492,5.476559638977051,4,0.008779004216194153,per_token_head_h32_rms,32,gaussian_lloyd_max,headwise_hadamard_h32,model.layers.20.self_attn,20,hadamard_lm,hadamard_lm_k4v4_h32,0.9885058999061584,0.023177875205874443,hadamard,0.08674624562263489,0.0033723153173923492,0.010118205100297928,0.923168957233429,4,0.009107918478548527,per_token_head_rms
K3V4,rotated non-uniform key bit reduction,0.5897789001464844,0.013103421777486801,21.224002838134766,3,0.0308842770755291,per_token_head_h64_rms,64,gaussian_lloyd_max,headwise_hadamard,model.layers.20.self_attn,20,hadamard_lm,hadamard_lm_k3v4,0.9652768969535828,0.07455550879240036,hadamard,0.33706000447273254,0.013103421777486801,0.039910510182380676,0.856518566608429,4,0.00883630383759737,per_token_head_rms
K3V4,head-internal H32 key bit reduction,0.6388446688652039,0.01261693425476551,20.362825393676758,3,0.031142812222242355,per_token_head_h32_rms,32,gaussian_lloyd_max,headwise_hadamard_h32,model.layers.20.self_attn,20,hadamard_lm,hadamard_lm_k3v4_h32,0.9668396711349487,0.07143041491508484,hadamard,0.32454606890678406,0.01261693425476551,0.039346255362033844,0.8604491949081421,4,0.009107918478548527,per_token_head_rms
K16V16,baseline,0.0,0.0,0.0,16,0.0,none,,none,none,model.layers.21.self_attn,21,fp16,fp16,1.0000263452529907,0.0,,0.0,0.0,0.0,1.0,16,0.0,none
K4V4,rotated non-uniform KV fake quant,0.15893472731113434,0.005379006266593933,5.217752933502197,4,0.008714443072676659,per_token_head_h64_rms,64,gaussian_lloyd_max,headwise_hadamard,model.layers.21.self_attn,21,hadamard_lm,hadamard_lm_k4v4,0.9906046390533447,0.01875559240579605,hadamard,0.08192207664251328,0.005379006266593933,0.014307945966720581,0.919116199016571,4,0.009238463826477528,per_token_head_rms
K4V4,head-internal H32 non-uniform KV fake quant,0.07242117822170258,0.004521890077739954,4.4023213386535645,4,0.008853034116327763,per_token_head_h32_rms,32,gaussian_lloyd_max,headwise_hadamard_h32,model.layers.21.self_attn,21,hadamard_lm,hadamard_lm_k4v4_h32,0.9913620352745056,0.01725565642118454,hadamard,0.0688682273030281,0.004521890077739954,0.013050926849246025,0.9272705316543579,4,0.009122718125581741,per_token_head_rms
K3V4,rotated non-uniform key bit reduction,0.3453948497772217,0.020573120564222336,19.93368911743164,3,0.031128793954849243,per_token_head_h64_rms,64,gaussian_lloyd_max,headwise_hadamard,model.layers.21.self_attn,21,hadamard_lm,hadamard_lm_k3v4,0.9694850444793701,0.06265795230865479,hadamard,0.3133279085159302,0.020573120564222336,0.055307596921920776,0.854052722454071,4,0.009238463826477528,per_token_head_rms
K3V4,head-internal H32 key bit reduction,0.4292929172515869,0.017921697348356247,17.284303665161133,3,0.031840283423662186,per_token_head_h32_rms,32,gaussian_lloyd_max,headwise_hadamard_h32,model.layers.21.self_attn,21,hadamard_lm,hadamard_lm_k3v4_h32,0.9755081534385681,0.04895828291773796,hadamard,0.272946834564209,0.017921697348356247,0.04977770894765854,0.8651367425918579,4,0.009122718125581741,per_token_head_rms
